{
	"partitions" : [
		{
			"name" : "Top",
			"pins" : [
				{
					"name" : "oX[0]",
					"strict" : false
				},
				{
					"name" : "oX[1]",
					"strict" : false
				},
				{
					"name" : "oX[2]",
					"strict" : false
				},
				{
					"name" : "oX[3]",
					"strict" : false
				},
				{
					"name" : "oX[4]",
					"strict" : false
				},
				{
					"name" : "oX[5]",
					"strict" : false
				},
				{
					"name" : "oX[6]",
					"strict" : false
				},
				{
					"name" : "oX[7]",
					"strict" : false
				},
				{
					"name" : "oY[0]",
					"strict" : false
				},
				{
					"name" : "oY[1]",
					"strict" : false
				},
				{
					"name" : "oY[2]",
					"strict" : false
				},
				{
					"name" : "oY[3]",
					"strict" : false
				},
				{
					"name" : "oY[4]",
					"strict" : false
				},
				{
					"name" : "oY[5]",
					"strict" : false
				},
				{
					"name" : "oY[6]",
					"strict" : false
				},
				{
					"name" : "oColour[0]",
					"strict" : false
				},
				{
					"name" : "oColour[1]",
					"strict" : false
				},
				{
					"name" : "oColour[2]",
					"strict" : false
				},
				{
					"name" : "oColour[3]",
					"strict" : false
				},
				{
					"name" : "oColour[4]",
					"strict" : false
				},
				{
					"name" : "oColour[5]",
					"strict" : false
				},
				{
					"name" : "oColour[6]",
					"strict" : false
				},
				{
					"name" : "oColour[7]",
					"strict" : false
				},
				{
					"name" : "oColour[8]",
					"strict" : false
				},
				{
					"name" : "ldXY",
					"strict" : false
				},
				{
					"name" : "oPlot",
					"strict" : false
				},
				{
					"name" : "coinErase_en",
					"strict" : false
				},
				{
					"name" : "clock",
					"strict" : false
				},
				{
					"name" : "resetn",
					"strict" : false
				},
				{
					"name" : "won",
					"strict" : false
				},
				{
					"name" : "timesUp",
					"strict" : false
				},
				{
					"name" : "button1",
					"strict" : false
				},
				{
					"name" : "button2",
					"strict" : false
				},
				{
					"name" : "dir[0]",
					"strict" : false
				},
				{
					"name" : "dir[1]",
					"strict" : false
				},
				{
					"name" : "nextX[0]",
					"strict" : false
				},
				{
					"name" : "nextX[1]",
					"strict" : false
				},
				{
					"name" : "nextX[2]",
					"strict" : false
				},
				{
					"name" : "nextX[3]",
					"strict" : false
				},
				{
					"name" : "nextX[4]",
					"strict" : false
				},
				{
					"name" : "nextX[5]",
					"strict" : false
				},
				{
					"name" : "nextX[6]",
					"strict" : false
				},
				{
					"name" : "nextX[7]",
					"strict" : false
				},
				{
					"name" : "nextY[0]",
					"strict" : false
				},
				{
					"name" : "nextY[1]",
					"strict" : false
				},
				{
					"name" : "nextY[2]",
					"strict" : false
				},
				{
					"name" : "nextY[3]",
					"strict" : false
				},
				{
					"name" : "nextY[4]",
					"strict" : false
				},
				{
					"name" : "nextY[5]",
					"strict" : false
				},
				{
					"name" : "nextY[6]",
					"strict" : false
				},
				{
					"name" : "memQoutPC[7]",
					"strict" : false
				},
				{
					"name" : "memQoutPC[8]",
					"strict" : false
				},
				{
					"name" : "memQoutPC[9]",
					"strict" : false
				},
				{
					"name" : "memQoutPC[10]",
					"strict" : false
				},
				{
					"name" : "memQoutPC[11]",
					"strict" : false
				},
				{
					"name" : "memQoutPC[12]",
					"strict" : false
				},
				{
					"name" : "memQoutPC[0]",
					"strict" : false
				},
				{
					"name" : "memQoutPC[13]",
					"strict" : false
				},
				{
					"name" : "memQoutPC[1]",
					"strict" : false
				},
				{
					"name" : "memQoutPC[14]",
					"strict" : false
				},
				{
					"name" : "memQoutPC[2]",
					"strict" : false
				},
				{
					"name" : "memQoutPC[6]",
					"strict" : false
				},
				{
					"name" : "memQoutPC[3]",
					"strict" : false
				},
				{
					"name" : "memQoutPC[4]",
					"strict" : false
				},
				{
					"name" : "memQoutPC[5]",
					"strict" : false
				}
			]
		}
	]
}